Book Id,Title,Author,Author l-f,Additional Authors,ISBN,ISBN13,My Rating,Publisher,Binding,Number of Pages,Year Published,Original Publication Year,Date Read,Date Added,Bookshelves,Bookshelves with positions,Exclusive Shelf,My Review,Spoiler,Private Notes,Read Count,Owned Copies
4069,Man's Search for Meaning,Viktor E. Frankl,"Frankl, Viktor E.","Isle Lasch, William J. Winslade, Harold S. Kushner","=""080701429X""","=""9780807014295""",0,Beacon Press,Paperback,165,2006,1946,,2025/12/05,currently-reading,currently-reading (#6),currently-reading,,,,1,0
1953,A Tale of Two Cities,Charles Dickens,"Dickens, Charles",,"=""0141439602""","=""9780141439600""",0,Penguin Books,Paperback,489,2003,1859,,2025/11/24,currently-reading,currently-reading (#5),currently-reading,,,,1,0
51374,Changes That Heal: How to Understand the Past to Ensure a Healthier Future,Henry Cloud,"Cloud, Henry",,"=""0310214637""","=""9780310214632""",0,Zondervan,Mass Market Paperback,368,1996,1992,2026/04/07,2026/02/10,,,read,,,,1,0
16981,Invisible Man,Ralph Ellison,"Ellison, Ralph",,"=""""","=""""",0,Vintage,Paperback,581,1995,1952,,2025/11/17,currently-reading,currently-reading (#4),currently-reading,,,,1,0
21122,The Coming of Age,Simone de Beauvoir,"Beauvoir, Simone de",Patrick O'Brian,"=""039331443X""","=""9780393314434""",0,W. W. Norton & Company,Paperback,592,1996,1970,,2025/10/02,currently-reading,currently-reading (#3),currently-reading,,,,1,0
57300433,为什么：关于因果关系的新科学,Judea Pearl,"Pearl, Judea",,"=""""","=""""",0,,Unknown Binding,,,2018,2026/03/30,2025/10/11,,,read,,,,1,0
18752103,Anna Karenina (安娜·卡列尼娜) (免费公版书),Leo Tolstoy,"Tolstoy, Leo",,"=""""","=""""",0,免费公版书,Kindle Edition,855,2012,1878,2026/04/03,2025/11/04,,,read,,,,1,0
24583,The Adventures of Tom Sawyer,Mark Twain,"Twain, Mark","Guy Cardwell, John Seelye, Mark Hallaq, Amanda Lee","=""""","=""9780143039563""",0,Penguin Classics,Paperback,244,2006,1876,2026/04/02,2025/12/05,,,read,,,,1,0
25037087,小顾聊绘画·贰Xiao Gu Talks about Paintings II,顾爷Gu Ye,"Ye, 顾爷Gu",,"=""7508648064""","=""9787508648064""",0,中信出版社CITIC Press Corporation,Paperback,242,2014,2014,,2026/03/26,to-read,to-read (#38),to-read,,,,0,0
212108726,小顾聊绘画·叁,顾爷,"顾爷, 顾爷",,"=""7572616666""","=""9787572616662""",0,Hunan literature and Art Publishing House,Paperback,223,2024,,,2026/03/26,to-read,to-read (#37),to-read,,,,0,0
1314433,"Liberty, Equality, Fraternity",James Fitzjames Stephen,"Stephen, James Fitzjames",Stuart D. Warner,"=""0865971110""","=""9780865971110""",0,Liberty Fund,Paperback,299,1993,1873,2026/03/23,2025/08/15,,,read,,,,1,0
44796,The Moon and Sixpence,W. Somerset Maugham,"Maugham, W. Somerset",,"=""1598185217""","=""9781598185218""",0,Alan Rodgers Books,Paperback,187,2005,1919,,2026/03/18,to-read,to-read (#36),to-read,,,,0,0
100142,The Art of Love,Ovid,"Ovid, Ovid","James Michie, David Malouf","=""0375761179""","=""9780375761171""",0,The Modern Library,Paperback,199,2002,1,,2026/02/16,to-read,to-read (#35),to-read,,,,0,0
32175062,게으름,김남준,"김남준, 김남준",,"=""""","=""9788904158324""",0,생명의 말씀사,,224,2009,,2026/02/12,2026/02/09,,,read,,,,1,0
6334,Never Let Me Go,Kazuo Ishiguro,"Ishiguro, Kazuo",,"=""1400078776""","=""9781400078776""",0,Vintage Books ,Paperback,288,2010,2005,2026/02/10,2025/11/13,,,read,,,,1,0
50705179,Numbers Don't Lie: 71 Things You Need to Know About the World,Vaclav Smil,"Smil, Vaclav",,"=""0241454417""","=""9780241454411""",0,Viking,Hardcover,384,2020,2020,,2026/02/05,to-read,to-read (#34),to-read,,,,0,0
48889983,Calling Bullshit: The Art of Skepticism in a Data-Driven World,Carl T. Bergstrom,"Bergstrom, Carl T.",Jevin D. West,"=""0525509186""","=""9780525509189""",0,Random House,Hardcover,336,2020,2020,,2026/02/05,to-read,to-read (#33),to-read,,,,0,0
53605067,The Data Detective: Ten Easy Rules to Make Sense of Statistics,Tim Harford,"Harford, Tim",,"=""0593084675""","=""9780593084670""",0,Riverhead Books,Kindle Edition,334,2021,2020,,2026/02/05,to-read,to-read (#32),to-read,,,,0,0
13588394,The Signal and the Noise: Why So Many Predictions Fail—But Some Don't,Nate Silver,"Silver, Nate",,"=""159420411X""","=""9781594204111""",0,Penguin,Hardcover,544,2012,2012,,2026/02/05,to-read,to-read (#31),to-read,,,,0,0
43722897,The Art of Statistics: How to Learn from Data,David Spiegelhalter,"Spiegelhalter, David",,"=""1541618513""","=""9781541618510""",0,Basic Books,Hardcover,448,2019,2019,,2026/02/05,to-read,to-read (#30),to-read,,,,0,0
45633325,第二十二条军规,Joseph Heller,"Heller, Joseph",,"=""""","=""""",0,译林出版社,Kindle Edition,572,2012,1961,2026/01/31,2025/09/13,,,read,,,,1,0
71943,Peter Camenzind,Hermann Hesse,"Hesse, Hermann",Michael Roloff,"=""0312422636""","=""9780312422639""",0,Picador,Paperback,201,2003,1904,2026/02/01,2026/01/23,,,read,,,,1,0
58715110,美国的反智传统,Richard Hofstadter,"Hofstadter, Richard","理查德·霍夫施塔特, 陈思贤","=""7500166877""","=""9787500166870""",0,中译出版社,Hardcover,,2021,1963,2026/01/28,2025/08/21,,,read,,,,1,0
52036,Siddhartha,Hermann Hesse,"Hesse, Hermann",Hilda Rosner,"=""""","=""""",0,Bantam Books,Mass Market Paperback,152,1981,1922,,2026/01/28,to-read,to-read (#29),to-read,,,,0,0
79121,The Happy Prince,Oscar Wilde,"Wilde, Oscar",Jane Ray,"=""0525453679""","=""9780525453673""",0,Dutton Juvenile,Hardcover,32,1995,1888,,2026/01/28,to-read,to-read (#28),to-read,,,,0,0
489732,The Picture of Dorian Gray,Oscar Wilde,"Wilde, Oscar",Robert Mighall,"=""0141439572""","=""9780141439570""",0,Penguin Classics,Paperback,253,2003,1890,,2026/01/28,to-read,to-read (#27),to-read,,,,0,0
323455,De Profundis,Oscar Wilde,"Wilde, Oscar","Oreste Del Buono, Masolino d'Amico","=""""","=""""",0,Fontamara,Paperback,188,1993,1897,,2026/01/28,to-read,to-read (#26),to-read,,,,0,0
30659,Meditations,Marcus Aurelius,"Aurelius, Marcus",Martin Hammond,"=""0140449337""","=""9780140449334""",0,Penguin Books,Paperback,254,2006,180,2026/01/27,2025/08/20,,,read,,,,1,0
87247,Der Steppenwolf,Hermann Hesse,"Hesse, Hermann",,"=""3518366750""","=""9783518366752""",0,Suhrkamp,Paperback,278,1974,1927,2026/01/23,2025/11/06,,,read,,,,1,0
238727,My First Summer in the Sierra,John Muir,"Muir, John",,"=""0486437353""","=""9780486437354""",0,Dover Publications,Paperback,160,2004,1911,2026/01/23,2025/12/22,,,read,,,,1,0
18756051,卡拉马佐夫兄弟,Fyodor Dostoevsky,"Dostoevsky, Fyodor",荣如德,"=""""","=""""",0,上海译文出版社,Kindle Edition,472,2011,1880,2026/01/18,2025/09/13,,,read,,,,1,0
385228,On Liberty,John Stuart Mill,"Mill, John Stuart",,"=""""","=""""",0,Penguin Classics,Paperback,187,1985,1859,2026/01/17,2025/08/15,,,read,,,,1,0
19421327,爱的五种语言,Gary Chapman,"Chapman, Gary",Wang Yun Liang,"=""7501950423""","=""9787501950423""",0,Light Industry Press,Paperback,200,2006,1990,2026/01/16,2025/10/24,,,read,,,,1,0
23456814,Storia della bambina perduta,Elena Ferrante,"Ferrante, Elena",,"=""""","=""""",0,Edizioni e/o,Paperback,451,2014,2014,,2026/01/12,to-read,to-read (#25),to-read,,,,0,0
18716142,Storia di chi fugge e di chi resta,Elena Ferrante,"Ferrante, Elena",,"=""""","=""""",0,Edizioni e/o,Paperback,382,2013,2013,,2026/01/12,to-read,to-read (#24),to-read,,,,0,0
16005941,Storia del nuovo cognome,Elena Ferrante,"Ferrante, Elena",,"=""""","=""""",0,Edizioni e/o,Paperback,470,2012,2012,,2026/01/12,to-read,to-read (#23),to-read,,,,0,0
12913570,L'amica geniale,Elena Ferrante,"Ferrante, Elena",,"=""""","=""""",0,Edizioni e/o,Paperback,327,2011,2011,,2026/01/12,to-read,to-read (#22),to-read,,,,0,0
3730,The Hidden Persuaders,Vance Packard,"Packard, Vance",Mark Crispin Miller,"=""097884310X""","=""9780978843106""",0,Pocket Books,Paperback,240,2007,1957,2026/01/12,2025/08/07,,,read,,,,1,0
121732,Surprised by Joy: The Shape of My Early Life,C.S. Lewis,"Lewis, C.S.",,"=""0006280838""","=""9780006280835""",0,,Paperback,185,,1955,2026/01/12,2025/12/26,,,read,,,,1,0
485894,The Metamorphosis,Franz Kafka,"Kafka, Franz",Stanley Corngold,"=""0553213695""","=""9780553213690""",0,Bantam Classics,Mass Market Paperback,201,1972,1915,2026/01/11,2025/09/14,,,read,,,,1,0
221282,"A Tale of Three Kings: A Study in Brokenness (Biblical Fiction Based on the Stories of David, Saul, and Absalom)",Gene Edwards,"Edwards, Gene",,"=""0842369082""","=""9780842369084""",0,Tyndale House Publishers,Paperback,105,1992,1980,,2026/01/10,to-read,to-read (#21),to-read,,,,0,0
3116205,The Prodigal God: Recovering the Heart of the Christian Faith,Timothy J. Keller,"Keller, Timothy J.",,"=""0525950796""","=""9780525950790""",0,Viking,Hardcover,139,2008,2008,,2026/01/10,to-read,to-read (#20),to-read,,,,0,0
125974,Purity of Heart is to Will One Thing: Spiritual Preparation for the Office of Confession,Søren Kierkegaard,"Kierkegaard, Søren",Douglas V. Steere,"=""0061300047""","=""9780061300042""",0,HarperOne,Paperback,220,1956,1846,,2026/01/10,to-read,to-read (#19),to-read,,,,0,0
27995383,冰点,Ayako Miura,"Miura, Ayako","三浦绫子, 朱佩兰","=""7501156743""","=""9787501156740""",0,新华出版社,Paperback,396,2002,1965,,2026/01/10,to-read,to-read (#18),to-read,,,,0,0
14059361,ナミヤ雑貨店の奇蹟,Keigo Higashino,"Higashino, Keigo",東野 圭吾,"=""4041101360""","=""9784041101360""",0,角川書店,Hardcover,385,2012,2012,,2026/01/09,to-read,to-read (#17),to-read,,,,0,0
6934913,The Shortest History of Europe,John Hirst,"Hirst, John",,"=""1863954392""","=""9781863954396""",0,Black Inc.,Paperback,160,2009,2009,,2026/01/09,to-read,to-read (#16),to-read,,,,0,0
23692271,Sapiens: A Brief History of Humankind,Yuval Noah Harari,"Harari, Yuval Noah",,"=""""","=""""",0,Vintage,Paperback,512,2015,2011,,2026/01/09,to-read,to-read (#15),to-read,,,,0,0
18905230,Counselling for Toads: A Psychological Adventure,Robert De Board,"Board, Robert De",,"=""""","=""""",0,Routledge,Kindle Edition,153,2008,1983,,2026/01/09,to-read,to-read (#14),to-read,,,,0,0
19480382,嫌われる勇気,Ichiro Kishimi,"Kishimi, Ichiro","岸見 一郎, Fumitake Koga, 古賀 史健","=""""","=""""",0,ダイヤモンド社,Kindle Edition,300,2013,2013,,2026/01/09,to-read,to-read (#13),to-read,,,,0,0
23507559,小顾聊绘画,顾爷,"顾爷, 顾爷",,"=""7508643933""","=""9787508643939""",0,中信出版社,Paperback,256,2014,2014,,2026/01/08,to-read,to-read (#12),to-read,,,,0,0
52249653,从量子到宇宙——颠覆人类认知的科学之旅,高鹏,"高鹏, 高鹏",,"=""""","=""""",0,清华大学出版社,Kindle Edition,219,2017,,,2026/01/08,to-read,to-read (#11),to-read,,,,0,0
2054,"The Long Goodbye (Philip Marlowe, #6)",Raymond Chandler,"Chandler, Raymond",,"=""0394757688""","=""9780394757681""",0,Vintage Crime/Black Lizard,Paperback,379,1988,1953,2026/01/07,2025/09/26,,,read,,,,1,0
11138,Mere Christianity,C.S. Lewis,"Lewis, C.S.",,"=""0684823780""","=""9780684823782""",0,Touchstone Books,Paperback,191,1996,1952,2026/01/07,2025/08/14,,,read,,,,1,0
105984427,今日店休,Sakamoto kenichi,"kenichi, Sakamoto",,"=""""","=""""",0,新星出版社,Hardcover,0,2017,,,2026/01/06,to-read,to-read (#10),to-read,,,,0,0
43277265,回答不了,匡扶,"匡扶, 匡扶",,"=""""","=""""",0,浙江文艺出版社,Paperback,224,2018,,,2026/01/06,to-read,to-read (#9),to-read,,,,0,0
27788,"Julie, or the New Heloise",Jean-Jacques Rousseau,"Rousseau, Jean-Jacques","Jean Vache, Philip Stewart","=""0874518253""","=""9780874518252""",0,Dartmouth College Press,Paperback,728,1997,1760,2025/12/30,2025/06/20,,,read,,,,1,0
3836,Don Quixote,Miguel de Cervantes Saavedra,"Saavedra, Miguel de Cervantes","Roberto González Echevarría, John Rutherford","=""""","=""""",0,Penguin Books,Paperback,1023,2003,1615,2025/12/23,2025/07/23,,,read,,,,1,0
60470571,Nonverts: The Making of Ex-Christian America,Stephen Bullivant,"Bullivant, Stephen",,"=""0197587445""","=""9780197587447""",0,Oxford University Press,Hardcover,257,2022,2022,2025/12/18,2025/07/14,,,read,,,,1,0
53263624,创造进化论,Henri Bergson,"Bergson, Henri","亨利·柏格森, 刘霞","=""""","=""9787201150475""",0,天津人民出版社,Kindle Edition,244,2019,1907,2025/12/17,2025/07/24,,,read,,,,1,0
19324807,少年维特的烦恼,Johann Wolfgang von Goethe,"Goethe, Johann Wolfgang von",,"=""""","=""""",0,译林出版社,Kindle Edition,154,2011,1774,2025/12/16,2025/09/13,,,read,,,,1,0
2376901,人間失格 [Ningen Shikkaku],Osamu Dazai,"Dazai, Osamu",太宰治,"=""4101006059""","=""9784101006055""",0,新潮社 / Shinchōsha,Mass Market Paperback,185,2006,1948,2025/12/12,2025/09/13,,,read,,,,1,0
170448,Animal Farm,George Orwell,"Orwell, George","Russell Baker, C.M. Woodhouse","=""0451526341""","=""9780451526342""",0,Signet Classics,Mass Market Paperback,141,1996,1945,2025/12/10,2025/06/11,,,read,,,,1,0
55385983,"Speechless: Controlling Words, Controlling Minds",Michael J. Knowles,"Knowles, Michael J.",,"=""168451116X""","=""9781684511167""",0,Regnery,Kindle Edition,383,2021,2021,2025/12/06,2025/07/07,,,read,,,,1,0
61439040,1984,George Orwell,"Orwell, George",Thomas Pynchon,"=""0452284236""","=""9780452284234""",0,Plume,Paperback,368,2022,1948,2025/12/07,2025/06/11,,,read,,,,1,0
5107,The Catcher in the Rye,J.D. Salinger,"Salinger, J.D.",,"=""0316769177""","=""9780316769174""",0,Back Bay Books,Paperback,277,2001,1951,2025/12/04,2025/08/17,,,read,,,,1,0
51502975,外面是夏天,Kim Ae-ran,"Ae-ran, Kim",,"=""7020153887""","=""9787020153886""",0,人民文学出版社,Paperback,208,2019,2017,2025/11/29,2025/08/17,,,read,,,,1,0
13590009,Think Like a Programmer: An Introduction to Creative Problem Solving,V. Anton Spraul,"Spraul, V. Anton",,"=""1593274246""","=""9781593274245""",0,No Starch Press,Paperback,233,2012,2012,,2021/04/29,currently-reading,currently-reading (#2),currently-reading,,,,1,0
26007192,山寨版的上帝,提摩太．凱勒,"提摩太．凱勒, 提摩太．凱勒",,"=""""","=""""",0,希望之聲文化有限公司,Hardcover,285,2013,2009,2025/11/28,2025/07/27,,,read,,,,1,0
2165,The Old Man and the Sea,Ernest Hemingway,"Hemingway, Ernest",,"=""0684830493""","=""9780684830490""",0,Scribner,Hardcover,96,1996,1952,2025/11/27,2025/08/16,,,read,,,,1,0
19342729,赎罪 = Atonement,Ian McEwan,"McEwan, Ian","麦克尤恩 伊恩, 郭国良","=""7532754650""","=""9787532754656""",0,Shanghai Translation Publishing House Pub. Date :2,Hardcover,426,2011,2001,2025/11/25,2025/08/15,,,read,,,,1,0
28137375,Pride and Predujice,Jane Austen,"Austen, Jane",,"=""1519674589""","=""9781519674586""",0,CreateSpace Independent Publishing Platform,Paperback,234,2015,1813,2025/11/25,2025/06/30,,,read,,,,1,0
23275043,沉默,遠藤周作,"遠藤周作, 遠藤周作",,"=""9570411430""","=""9789570411430""",0,立緒文化事業有限公司,Paperback,292,2002,1966,2025/11/21,2025/08/15,,,read,,,,1,0
40000210,存在主义咖啡馆,Sarah Bakewell,"Bakewell, Sarah",,"=""""","=""""",0,北京联合出版公司,Kindle Edition,563,2017,2016,2025/11/17,2025/08/03,,,read,,,,1,0
18922517,Le Rouge et le noir (红与黑 ) (免费公版书),Stendhal,"Stendhal, Stendhal",,"=""""","=""""",0,免费公版书,Kindle Edition,512,2011,1830,2025/11/14,2025/06/30,,,read,,,,1,0
41810863,长日将尽,Kazuo Ishiguro,"Ishiguro, Kazuo","石黑一雄, 冯涛","=""7532777537""","=""9787532777532""",0,上海译文出版社,Hardcover,337,2018,1989,2025/11/14,2025/08/15,,,read,,,,1,0
18250837,How (Not) to Be Secular: Reading Charles Taylor,James K.A. Smith,"Smith, James K.A.",,"=""0802867618""","=""9780802867612""",0,Eerdmans,Paperback,148,2014,2014,2025/11/12,2025/07/08,,,read,,,,1,0
28807853,四种爱 (外研社双语读库),C.S. Lewis,"Lewis, C.S.",,"=""""","=""""",0,外语教学与研究出版社,Kindle Edition,264,2010,1960,2025/11/11,2025/07/27,,,read,,,,1,0
54861804,如何假装懂音乐（“坏蛋调频”带你快速了解蓝调、乡村、民谣、摇滚、朋克、嘻哈、重金属、工业音乐、迷幻舞曲……） (Chinese Edition),王硕,"王硕, 王硕",储智勇,"=""""","=""""",0,北京联合出版公司,Kindle Edition,190,2019,,2025/11/07,2025/08/15,,,read,,,,1,0
1000751,"Pollyanna (Pollyanna, #1)",Eleanor H. Porter,"Porter, Eleanor H.",,"=""0689849109""","=""9780689849107""",0,Aladdin,Paperback,304,2002,1913,2025/11/04,2025/08/08,,,read,,,,1,0
13589149,Every Good Endeavor: Connecting Your Work to God's Plan for the World,Timothy J. Keller,"Keller, Timothy J.",Katherine Leary Alsdorf,"=""0525952705""","=""9780525952701""",0,Viking,Hardcover,288,2012,2012,2025/11/02,2025/08/08,,,read,,,,1,0
19179596,罪与罚,Fyodor Dostoevsky,"Dostoevsky, Fyodor",岳麟,"=""""","=""""",0,上海译文出版社,Kindle Edition,548,2011,1866,2025/10/30,2025/06/30,,,read,,,,1,0
61369370,The College Scam: How America's Universities Are Bankrupting and Brainwashing Away the Future of America's Youth,Charlie Kirk,"Kirk, Charlie",,"=""1735503738""","=""9781735503738""",0, Winning Team Publishing,Hardcover,288,2022,2022,2025/10/27,2025/07/07,,,read,,,,1,0
12649,Confessions,Jean-Jacques Rousseau,"Rousseau, Jean-Jacques","Angela Scholar, Patrick Coleman","=""0192822756""","=""9780192822758""",0,Oxford University Press,Paperback,676,2000,1773,2025/10/21,2025/06/20,,,read,,,,1,0
42767746,婚姻的意义,Timothy J. Keller,"Keller, Timothy J.","Kathy    Keller, 提摩太·凯勒, 凯西·凯勒, 杨基","=""""","=""""",0,上海三联书店,Paperback,287,2015,2011,2025/10/20,2025/07/27,,,read,,,,1,0
16241133,The History of the Renaissance World: From the Rediscovery of Aristotle to the Conquest of Constantinople,Susan Wise Bauer,"Bauer, Susan Wise",,"=""0393059766""","=""9780393059762""",0,W. W. Norton & Company,Hardcover,785,2013,2013,2025/10/12,2025/07/09,,,read,,,,1,0
54383459,哲学的故事,Will Durant,"Durant, Will","威尔·杜兰特, 蒋剑峰, 张程程","=""""","=""""",0,新星出版社,Kindle Edition,608,2013,1926,2025/07/30,2025/05/28,,,read,,,,1,0
17174373,云图,David  Mitchell,"Mitchell, David","大卫·米切尔, 杨春雷","=""7532136922""","=""9787532136926""",0,上海文艺出版社,Paperback,486,2010,2004,2025/10/02,2025/07/27,,,read,,,,1,0
457264,The Second Sex,Simone de Beauvoir,"Beauvoir, Simone de","H.M. Parshley, Deirdre Bair","=""0679724516""","=""9780679724513""",0,Vintage,Paperback,746,1989,1949,,2025/10/02,to-read,to-read (#8),to-read,,,,0,0
19230853,战争与和平,Leo Tolstoy,"Tolstoy, Leo",,"=""7806574581""","=""9787806574584""",0,译林出版社,Kindle Edition,726,2011,1869,2025/09/26,2025/06/30,,,read,,,,1,0
3023,Basic Economics: A Citizen's Guide to the Economy,Thomas Sowell,"Sowell, Thomas",,"=""0465081452""","=""9780465081455""",0,Basic Books,Hardcover,448,2003,2000,2025/09/17,2025/05/12,,,read,,,,1,0
28154510,西西弗神话,Albert Camus,"Camus, Albert","阿尔贝·加缪, 沈志明","=""""","=""""",0,上海译文出版社,Kindle Edition,172,2013,1942,2025/09/15,2025/06/30,,,read,,,,1,0
6484128,The History of the Medieval World: From the Conversion of Constantine to the First Crusade,Susan Wise Bauer,"Bauer, Susan Wise",,"=""0393059758""","=""9780393059755""",0,W. W. Norton & Company,Hardcover,746,2010,2010,2025/09/14,2025/07/08,,,read,,,,1,0
80493508,挪威的森林,村上春树 林少华,"林少华, 村上春树",,"=""""","=""""",0,上海译文出版社,Paperback,200,2014,1987,2025/09/11,2025/07/15,,,read,,,,1,0
202694,Emile: Or Treatise on Education (Great Books in Philosophy),Jean-Jacques Rousseau,"Rousseau, Jean-Jacques",William Harold Payne,"=""1591021111""","=""9781591021117""",0,Prometheus,Paperback,315,2003,1762,2025/09/04,2025/06/20,,,read,,,,1,0
225947,The History of the Ancient World: From the Earliest Accounts to the Fall of Rome,Susan Wise Bauer,"Bauer, Susan Wise",,"=""039305974X""","=""9780393059748""",0,W. W. Norton & Company ,Hardcover,896,2007,2007,2025/08/19,2025/07/08,,,read,,,,1,0
42092510,重返美丽新世界,Aldous Huxley,"Huxley, Aldous",,"=""""","=""""",0,北京时代华文书局有限公司,Kindle Edition,347,2015,1932,2025/08/19,2025/07/27,,,read,,,,1,0
59719801,法治的细节,罗翔,"罗翔, 罗翔",,"=""""","=""""",0,云南人民出版社,Kindle Edition,288,2021,2021,2025/08/18,2025/07/27,,,read,,,,1,0
57836039,ぼくはこんな音楽を聴いて育った (Japanese Edition),大友良英,"大友良英, 大友良英",,"=""""","=""""",0,筑摩書房,Kindle Edition,350,2017,,,2025/08/11,to-read,to-read (#7),to-read,,,,0,0
174237,A Treatise on the Family,Becker,"Becker, Becker",,"=""0674906993""","=""9780674906990""",0,Harvard University Press,Paperback,440,1993,1981,,2025/08/08,to-read,to-read (#6),to-read,,,,0,0
1156110,Micromegas,Voltaire,"Voltaire, Voltaire",Theo Cuff,"=""0140389024""","=""9780140389029""",0,Penguin Classics,Mass Market Paperback,38,1995,1752,2025/07/15,2025/08/07,,,read,,,,1,0
36160370,美丽新世界,Aldous Huxley,"Huxley, Aldous",陈超,"=""""","=""""",0,上海译文出版社,Kindle Edition,287,2017,1932,2025/07/24,2025/06/18,,,read,,,,1,0
43491623,查第格,Voltaire,"Voltaire, Voltaire","傅雷, 伏尔泰","=""""","=""9787532775415""",0,上海人民出版社（北京世纪文景）,Paperback,,2017,1747,2025/07/15,2025/06/17,,,read,,,,1,0
19380,Candide,Voltaire,"Voltaire, Voltaire","Sara Gioacchino Corcos, Don Hagen, Walter Jerrold, Rockwell Kent","=""0486266893""","=""9780486266893""",0,"Dover Publications, Incorporated",Paperback,129,1991,1759,2025/07/15,2025/07/13,,,read,,,,1,0
63354300,"The Great Dechurching: Who’s Leaving, Why Are They Going, and What Will It Take to Bring Them Back?",Jim  Davis,"Davis, Jim","Michael Graham, Ryan P. Burge","=""0310147433""","=""9780310147435""",0,Zondervan,Hardcover,272,2023,,2025/07/14,2025/06/05,,,read,,,,1,0
38135623,天真汉 (伏尔泰作品集) (Chinese Edition),Voltaire,"Voltaire, Voltaire",,"=""""","=""""",0,上海译文出版社,Kindle Edition,182,2017,1767,2025/07/12,2025/06/17,,,read,,,,1,0
11438,What We Talk About When We Talk About Love,Raymond Carver,"Carver, Raymond",,"=""0679723056""","=""9780679723059""",0,Vintage Contemporaries,Paperback,159,1989,1981,2025/07/12,2025/07/03,,,read,,,,1,0
48917953,鼠疫,Albert Camus,"Camus, Albert","阿爾貝．卡繆, 顏湘如","=""""","=""""",0,麥田,Kindle Edition,235,2012,1947,2025/07/08,2025/07/02,,,read,,,,1,0
824412,A Secular Age,Charles Margrave Taylor,"Taylor, Charles Margrave",,"=""0674026764""","=""9780674026766""",0,Belknap,Hardcover,874,2007,2007,,2025/07/08,to-read,to-read (#5),to-read,,,,0,0
36651676,局外人,Albert Camus,"Camus, Albert","阿尔贝·加缪, 柳鸣九","=""""","=""""",0,上海译文出版社,Kindle Edition,66,2013,1942,,2025/06/09,,,read,,,,1,0
57846996,"Red Roulette: An Insider's Story of Wealth, Power, Corruption, and Vengeance in Today's China",Desmond Shum,"Shum, Desmond",Tim Chiou,"=""1398510394""","=""9781398510395""",0,Simon & Schuster Audio UK,Audiobook,,2021,2021,2025/07/01,2025/06/08,,,read,,,,1,0
203774224,法律的悖论,罗翔,"罗翔, 罗翔",,"=""7222221832""","=""9787222221833""",0,云南人民出版社,Paperback,254,2023,2023,2025/06/23,2025/05/18,,,read,,,,1,0
17259893,小王子,Antoine de Saint-Exupéry,"Saint-Exupéry, Antoine de",圣埃克苏佩里,"=""""","=""""",0,,Paperback,112,2010,1943,2025/06/23,2025/06/09,,,read,,,,1,0
27840555,No God but One: Allah or Jesus?: A Former Muslim Investigates the Evidence for Islam and Christianity,Nabeel Qureshi,"Qureshi, Nabeel",,"=""0310522552""","=""9780310522553""",0,Zondervan,Paperback,320,2016,2016,2025/05/29,2025/05/23,,,read,,,,1,0
152344,Victory Over the Darkness,Neil T. Anderson,"Anderson, Neil T.",,"=""0830725644""","=""9780830725649""",0,GLP,Paperback,256,1991,1990,2025/05/28,2025/05/23,,,read,,,,1,0
52104820,圆圈正义：作为自由前提的信念,LUO XIANG,"XIANG, LUO",,"=""752160377X""","=""9787521603774""",0,中国法制出版社,Paperback,307,2019,,2025/05/26,2025/05/04,,,read,,,,1,0
41889692,当呼吸化为空气,Paul Kalanithi,"Kalanithi, Paul",,"=""""","=""""",0,浙江文艺出版社,Kindle Edition,148,2016,2016,,2025/05/04,,,read,,,,1,0
23336950,A Pearl Necklace,Mi Xue,"Xue, Mi",,"=""0578149583""","=""9780578149585""",0,"Layman's Foundation, Inc.",Hardcover,288,2014,2014,2025/05/13,2025/05/04,,,read,,,,1,0
52884924,走到比錢更遠的地方,陳維恩,"陳維恩, 陳維恩",,"=""9869716814""","=""9789869716819""",0,格子外面,Paperback,254,2019,,,2025/05/04,,,read,,,,1,0
38819247,Food and Nutrition: What Everyone Needs to Know®,P.K. Newby,"Newby, P.K.",,"=""0190846631""","=""9780190846633""",0,Oxford University Press,Paperback,316,2018,,,2025/05/04,currently-reading,currently-reading (#1),currently-reading,,,,1,0
211854307,康熙的红票：全球化中的清朝,Litian Swen,"Swen, Litian",孙立天,"=""7100234247""","=""9787100234245""",0,商务印书馆,Hardcover,400,2024,,,2025/05/04,,,read,,,,1,0
210594797,A Pearl Necklace《珍珠项链》中文简体,雪 米,"米, 雪",,"=""""","=""""",0,,Kindle Edition,191,2023,,,2025/05/04,,,read,,,,1,0
32899495,Hands-On Machine Learning with Scikit-Learn and TensorFlow,Aurélien Géron,"Géron, Aurélien",,"=""""","=""""",0,O'Reilly Media,ebook,450,2017,2017,,2022/10/05,to-read,to-read (#4),to-read,,,,0,0
38606117,Java编程的逻辑 (Java核心技术系列) (Chinese Edition),马俊昌,"马俊昌, 马俊昌",,"=""""","=""""",0,机械工业出版社,Kindle Edition,1308,2018,,,2021/09/27,to-read,to-read (#3),to-read,,,,0,0
52935138,The Secret Life of Programs: Understand Computers -- Craft Better Code,Jon Steinhart,"Steinhart, Jon",,"=""""","=""""",0,No Starch Press,Kindle Edition,504,2019,,,2021/04/29,to-read,to-read (#2),to-read,,,,0,0
52555533,Algorithmic Thinking: A Problem-Based Introduction,Daniel Zingaro,"Zingaro, Daniel",,"=""1718500807""","=""9781718500808""",0,No Starch Press,Paperback,408,2020,,,2021/04/29,to-read,to-read (#1),to-read,,,,0,0
